{
  "project_info": {
    "project_number": "1087495328788",
    "project_id": "online-inventory-ab5cc",
    "storage_bucket": "online-inventory-ab5cc.appspot.com"
  },
  "client": [
    {
      "client_info": {
        "mobilesdk_app_id": "1:1087495328788:android:00ced23d5612620a89c301",
        "android_client_info": {
          "package_name": "com.example.admin.augscan"
        }
      },
      "oauth_client": [
        {
          "client_id": "1087495328788-hcvp80sevge2ugbg9jfpbk9qi5dd9kc4.apps.googleusercontent.com",
          "client_type": 3
        }
      ],
      "api_key": [
        {
          "current_key": "AIzaSyBA9c7MHXNkGLpq_L6_b7baAWv9HNulAmY"
        }
      ],
      "services": {
        "appinvite_service": {
          "other_platform_oauth_client": [
            {
              "client_id": "1087495328788-hcvp80sevge2ugbg9jfpbk9qi5dd9kc4.apps.googleusercontent.com",
              "client_type": 3
            }
          ]
        }
      }
    }
  ],
  "configuration_version": "1"
}